{
    "Symbol": "AAPL",
    "AssetType": "Common Stock",
    "Name": "Apple Inc",
    "Description": "Apple Inc. is an American multinational technology company that specializes in consumer electronics, computer software, and online services. Apple is the world's largest technology company by revenue (totalling $274.5 billion in 2020) and, since January 2021, the world's most valuable company. As of 2021, Apple is the world's fourth-largest PC vendor by unit sales, and fourth-largest smartphone manufacturer. It is one of the Big Five American information technology companies, along with Amazon, Google, Microsoft, and Facebook.",
    "CIK": "320193",
    "Exchange": "NASDAQ",
    "Currency": "USD",
    "Country": "USA",
    "Sector": "TECHNOLOGY",
    "Industry": "ELECTRONIC COMPUTERS",
    "Address": "ONE INFINITE LOOP, CUPERTINO, CA, US",
    "OfficialSite": "https://www.apple.com",
    "FiscalYearEnd": "September",
    "LatestQuarter": "2025-03-31",
    "MarketCapitalization": "3003290747000",
    "EBITDA": "138866000000",
    "PERatio": "31.37",
    "PEGRatio": "1.833",
    "BookValue": "4.471",
    "DividendPerShare": "1",
    "DividendYield": "0.0052",
    "EPS": "6.41",
    "RevenuePerShareTTM": "26.45",
    "ProfitMargin": "0.243",
    "OperatingMarginTTM": "0.31",
    "ReturnOnAssetsTTM": "0.238",
    "ReturnOnEquityTTM": "1.38",
    "RevenueTTM": "400366010000",
    "GrossProfitTTM": "186699006000",
    "DilutedEPSTTM": "6.41",
    "QuarterlyEarningsGrowthYOY": "0.078",
    "QuarterlyRevenueGrowthYOY": "0.051",
    "AnalystTargetPrice": "228.6",
    "AnalystRatingStrongBuy": "7",
    "AnalystRatingBuy": "21",
    "AnalystRatingHold": "16",
    "AnalystRatingSell": "2",
    "AnalystRatingStrongSell": "1",
    "TrailingPE": "31.37",
    "ForwardPE": "25.19",
    "PriceToSalesRatioTTM": "7.5",
    "PriceToBookRatio": "44.96",
    "EVToRevenue": "7.63",
    "EVToEBITDA": "21.99",
    "Beta": "1.211",
    "52WeekHigh": "259.47",
    "52WeekLow": "168.99",
    "50DayMovingAverage": "202.62",
    "200DayMovingAverage": "223.33",
    "SharesOutstanding": "14935800000",
    "SharesFloat": "14911481000",
    "PercentInsiders": "2.085",
    "PercentInstitutions": "62.901",
    "DividendDate": "2025-05-15",
    "ExDividendDate": "2025-05-12"
}